motor,direction,sweep,duty,counts,dt_us,rpm,mm_per_s
L,forward,up,40,0,200016,0.0,0.0
L,forward,up,60,0,200012,0.0,0.0
L,forward,up,80,0,200016,0.0,0.0
L,forward,up,100,34,200016,11.36,38.7
L,forward,up,120,71,200016,23.72,80.7
L,forward,up,140,107,200016,35.74,121.6
L,forward,up,160,130,200016,43.43,147.8
L,forward,up,180,153,200016,51.11,173.9
L,forward,up,200,176,200016,58.79,200.1
L,forward,up,220,198,200012,66.14,225.1
L,forward,up,240,213,200016,71.15,242.2
L,forward,up,260,236,200012,78.84,268.3
L,forward,up,280,252,200016,84.18,286.5
L,forward,up,300,273,200016,91.2,310.4
L,forward,up,320,293,200012,97.88,333.1
L,forward,up,340,310,200016,103.56,352.4
L,forward,up,360,330,200016,110.24,375.2
L,forward,up,380,352,200016,117.59,400.2
L,forward,up,400,372,200020,124.26,422.9
L,forward,up,420,390,200012,130.28,443.4
L,forward,up,440,410,200016,136.96,466.1
L,forward,up,460,429,200028,143.3,487.7
L,forward,up,480,448,200020,149.65,509.3
L,forward,up,500,468,200012,156.34,532.1
L,forward,up,520,489,200016,163.35,555.9
L,forward,up,540,510,200012,170.37,579.8
L,forward,up,560,530,200012,177.05,602.6
L,forward,up,580,552,200016,184.4,627.6
L,forward,up,600,571,200016,190.74,649.2
L,forward,up,620,596,200016,199.09,677.6
L,forward,up,640,623,200016,208.11,708.3
L,forward,up,660,650,200016,217.13,739.0
L,forward,up,680,690,200016,230.49,784.5
L,forward,up,700,720,200016,240.52,818.6
L,forward,up,720,759,200016,253.54,862.9
L,forward,up,740,779,200012,260.23,885.7
L,forward,up,760,781,200012,260.9,887.9
L,forward,down,760,782,200016,261.23,889.1
L,forward,down,740,781,200012,260.9,887.9
L,forward,down,720,761,200016,254.21,865.2
L,forward,down,700,724,200016,241.85,823.1
L,forward,down,680,693,200016,231.5,787.9
L,forward,down,660,653,200016,218.13,742.4
L,forward,down,640,628,200016,209.78,714.0
L,forward,down,620,599,200028,200.08,681.0
L,forward,down,600,576,200016,192.41,654.9
L,forward,down,580,556,200012,185.73,632.1
L,forward,down,560,536,200016,179.05,609.4
L,forward,down,540,515,200016,172.04,585.5
L,forward,down,520,494,200012,165.02,561.6
L,forward,down,500,475,200016,158.67,540.0
L,forward,down,480,455,200012,152.0,517.3
L,forward,down,460,434,200016,144.98,493.4
L,forward,down,440,414,200012,138.3,470.7
L,forward,down,420,393,200020,131.28,446.8
L,forward,down,400,376,200016,125.6,427.5
L,forward,down,380,358,200020,119.59,407.0
L,forward,down,360,338,200016,112.91,384.3
L,forward,down,340,315,200012,105.23,358.1
L,forward,down,320,298,200012,99.55,338.8
L,forward,down,300,278,200016,92.87,316.1
L,forward,down,280,254,200012,84.85,288.8
L,forward,down,260,238,200012,79.51,270.6
L,forward,down,240,215,200016,71.82,244.4
L,forward,down,220,199,200016,66.48,226.2
L,forward,down,200,176,200012,58.79,200.1
L,forward,down,180,154,200012,51.44,175.1
L,forward,down,160,130,200016,43.43,147.8
L,forward,down,140,107,200016,35.74,121.6
L,forward,down,120,70,200020,23.38,79.6
L,forward,down,100,33,200012,11.02,37.5
L,forward,down,80,0,200016,0.0,0.0
L,forward,down,60,0,200012,0.0,0.0
L,forward,down,40,0,200016,0.0,0.0
L,reverse,up,40,0,200016,0.0,0.0
L,reverse,up,60,0,200020,0.0,0.0
L,reverse,up,80,0,200020,0.0,0.0
L,reverse,up,100,-24,200012,8.02,27.3
L,reverse,up,120,-66,200012,22.05,75.0
L,reverse,up,140,-98,200016,32.74,111.4
L,reverse,up,160,-119,200016,39.75,135.3
L,reverse,up,180,-146,200012,48.77,166.0
L,reverse,up,200,-170,200016,56.79,193.3
L,reverse,up,220,-186,200012,62.13,211.5
L,reverse,up,240,-209,200016,69.82,237.6
L,reverse,up,260,-226,200016,75.5,256.9
L,reverse,up,280,-248,200012,82.85,282.0
L,reverse,up,300,-264,200016,88.19,300.1
L,reverse,up,320,-285,200024,95.2,324.0
L,reverse,up,340,-305,200016,101.88,346.8
L,reverse,up,360,-321,200016,107.23,364.9
L,reverse,up,380,-342,200016,114.24,388.8
L,reverse,up,400,-363,200020,121.26,412.7
L,reverse,up,420,-382,200016,127.61,434.3
L,reverse,up,440,-400,200016,133.62,454.8
L,reverse,up,460,-419,200016,139.97,476.4
L,reverse,up,480,-438,200012,146.32,498.0
L,reverse,up,500,-457,200016,152.66,519.6
L,reverse,up,520,-477,200020,159.34,542.3
L,reverse,up,540,-496,200016,165.69,563.9
L,reverse,up,560,-518,200012,173.04,588.9
L,reverse,up,580,-538,200016,179.72,611.7
L,reverse,up,600,-560,200012,187.07,636.7
L,reverse,up,620,-584,200012,195.09,664.0
L,reverse,up,640,-608,200016,203.1,691.2
L,reverse,up,660,-643,200016,214.79,731.0
L,reverse,up,680,-682,200012,227.83,775.4
L,reverse,up,700,-708,200012,236.51,804.9
L,reverse,up,720,-744,200016,248.53,845.9
L,reverse,up,740,-762,200016,254.55,866.3
L,reverse,up,760,-764,200012,255.22,868.6
L,reverse,down,760,-763,200016,254.88,867.5
L,reverse,down,740,-762,200020,254.54,866.3
L,reverse,down,720,-744,200020,248.53,845.8
L,reverse,down,700,-712,200012,237.85,809.5
L,reverse,down,680,-684,200016,228.49,777.6
L,reverse,down,660,-646,200016,215.8,734.4
L,reverse,down,640,-610,200020,203.77,693.5
L,reverse,down,620,-590,200016,197.09,670.8
L,reverse,down,600,-564,200016,188.4,641.2
L,reverse,down,580,-542,200020,181.05,616.2
L,reverse,down,560,-520,200016,173.71,591.2
L,reverse,down,540,-502,200016,167.69,570.7
L,reverse,down,520,-484,200016,161.68,550.3
L,reverse,down,500,-464,200012,155.0,527.5
L,reverse,down,480,-446,200012,148.99,507.1
L,reverse,down,460,-425,200012,141.97,483.2
L,reverse,down,440,-406,200016,135.62,461.6
L,reverse,down,420,-385,200012,128.61,437.7
L,reverse,down,400,-366,200016,122.26,416.1
L,reverse,down,380,-346,200020,115.58,393.4
L,reverse,down,360,-330,200016,110.24,375.2
L,reverse,down,340,-309,200020,103.22,351.3
L,reverse,down,320,-289,200016,96.54,328.6
L,reverse,down,300,-272,200028,90.86,309.2
L,reverse,down,280,-249,200012,83.18,283.1
L,reverse,down,260,-233,200016,77.83,264.9
L,reverse,down,240,-212,200012,70.82,241.0
L,reverse,down,220,-195,200012,65.14,221.7
L,reverse,down,200,-172,200012,57.46,195.6
L,reverse,down,180,-152,200016,50.78,172.8
L,reverse,down,160,-126,200016,42.09,143.2
L,reverse,down,140,-100,200016,33.4,113.7
L,reverse,down,120,-66,200012,22.05,75.0
L,reverse,down,100,-26,200016,8.69,29.6
L,reverse,down,80,0,200012,0.0,0.0
L,reverse,down,60,0,200012,0.0,0.0
L,reverse,down,40,0,200016,0.0,0.0
R,forward,up,40,0,200016,0.0,0.0
R,forward,up,60,0,200012,0.0,0.0
R,forward,up,80,0,200016,0.0,0.0
R,forward,up,100,2,200016,0.67,2.3
R,forward,up,120,58,200016,19.37,65.9
R,forward,up,140,94,200016,31.4,106.9
R,forward,up,160,122,200012,40.75,138.7
R,forward,up,180,148,200012,49.44,168.3
R,forward,up,200,170,200016,56.79,193.3
R,forward,up,220,193,200012,64.47,219.4
R,forward,up,240,211,200012,70.49,239.9
R,forward,up,260,231,200020,77.16,262.6
R,forward,up,280,249,200016,83.18,283.1
R,forward,up,300,271,200016,90.53,308.1
R,forward,up,320,288,200016,96.21,327.4
R,forward,up,340,308,200016,102.89,350.2
R,forward,up,360,328,200020,109.57,372.9
R,forward,up,380,347,200020,115.91,394.5
R,forward,up,400,365,200020,121.93,415.0
R,forward,up,420,384,200016,128.27,436.6
R,forward,up,440,405,200016,135.29,460.4
R,forward,up,460,424,200012,141.64,482.1
R,forward,up,480,444,200012,148.32,504.8
R,forward,up,500,464,200012,155.0,527.5
R,forward,up,520,484,200032,161.67,550.2
R,forward,up,540,502,200012,167.7,570.7
R,forward,up,560,522,200016,174.37,593.5
R,forward,up,580,542,200012,181.06,616.2
R,forward,up,600,568,200016,189.74,645.8
R,forward,up,620,592,200012,197.76,673.1
R,forward,up,640,616,200016,205.77,700.3
R,forward,up,660,654,200016,218.47,743.5
R,forward,up,680,687,200016,229.49,781.1
R,forward,up,700,713,200016,238.18,810.6
R,forward,up,720,754,200012,251.88,857.2
R,forward,up,740,764,200016,255.21,868.6
R,forward,up,760,764,200016,255.21,868.6
R,forward,down,760,764,200012,255.22,868.6
R,forward,down,740,764,200016,255.21,868.6
R,forward,down,720,754,200016,251.87,857.2
R,forward,down,700,714,200012,238.52,811.8
R,forward,down,680,689,200016,230.16,783.3
R,forward,down,660,656,200016,219.14,745.8
R,forward,down,640,619,200012,206.78,703.8
R,forward,down,620,593,200016,198.09,674.2
R,forward,down,600,570,200012,190.41,648.0
R,forward,down,580,544,200012,181.73,618.5
R,forward,down,560,523,200012,174.71,594.6
R,forward,down,540,504,200016,168.36,573.0
R,forward,down,520,485,200016,162.01,551.4
R,forward,down,500,465,200012,155.34,528.7
R,forward,down,480,446,200012,148.99,507.1
R,forward,down,460,427,200016,142.64,485.5
R,forward,down,440,406,200016,135.62,461.6
R,forward,down,420,387,200012,129.28,440.0
R,forward,down,400,369,200016,123.26,419.5
R,forward,down,380,350,200016,116.92,397.9
R,forward,down,360,331,200012,110.57,376.3
R,forward,down,340,310,200016,103.56,352.4
R,forward,down,320,292,200012,97.54,332.0
R,forward,down,300,274,200012,91.53,311.5
R,forward,down,280,252,200016,84.18,286.5
R,forward,down,260,236,200012,78.84,268.3
R,forward,down,240,214,200012,71.49,243.3
R,forward,down,220,196,200016,65.47,222.8
R,forward,down,200,173,200012,57.79,196.7
R,forward,down,180,151,200012,50.44,171.7
R,forward,down,160,127,200012,42.43,144.4
R,forward,down,140,97,200016,32.4,110.3
R,forward,down,120,60,200016,20.04,68.2
R,forward,down,100,0,200020,0.0,0.0
R,forward,down,80,0,200016,0.0,0.0
R,forward,down,60,0,200016,0.0,0.0
R,forward,down,40,0,200012,0.0,0.0
R,reverse,up,40,0,200020,0.0,0.0
R,reverse,up,60,0,200016,0.0,0.0
R,reverse,up,80,0,200020,0.0,0.0
R,reverse,up,100,0,200016,0.0,0.0
R,reverse,up,120,-51,200012,17.04,58.0
R,reverse,up,140,-87,200016,29.06,98.9
R,reverse,up,160,-120,200012,40.09,136.4
R,reverse,up,180,-145,200012,48.44,164.9
R,reverse,up,200,-173,200012,57.79,196.7
R,reverse,up,220,-193,200012,64.47,219.4
R,reverse,up,240,-219,200016,73.16,249.0
R,reverse,up,260,-236,200016,78.84,268.3
R,reverse,up,280,-259,200016,86.52,294.5
R,reverse,up,300,-274,200012,91.53,311.5
R,reverse,up,320,-297,200012,99.21,337.7
R,reverse,up,340,-317,200016,105.89,360.4
R,reverse,up,360,-335,200016,111.91,380.9
R,reverse,up,380,-354,200016,118.25,402.5
R,reverse,up,400,-375,200020,125.27,426.3
R,reverse,up,420,-396,200016,132.28,450.2
R,reverse,up,440,-416,200016,138.96,473.0
R,reverse,up,460,-437,200016,145.98,496.8
R,reverse,up,480,-456,200016,152.33,518.4
R,reverse,up,500,-476,200012,159.01,541.2
R,reverse,up,520,-495,200016,165.35,562.8
R,reverse,up,540,-516,200028,172.36,586.6
R,reverse,up,560,-534,200012,178.39,607.1
R,reverse,up,580,-560,200016,187.07,636.7
R,reverse,up,600,-586,200020,195.75,666.2
R,reverse,up,620,-608,200012,203.11,691.2
R,reverse,up,640,-645,200012,215.47,733.3
R,reverse,up,660,-684,200016,228.49,777.6
R,reverse,up,680,-713,200016,238.18,810.6
R,reverse,up,700,-751,200012,250.88,853.8
R,reverse,up,720,-776,200016,259.22,882.2
R,reverse,up,740,-781,200016,260.89,887.9
R,reverse,up,760,-780,200020,260.55,886.8
R,reverse,down,760,-780,200012,260.56,886.8
R,reverse,down,740,-781,200012,260.9,887.9
R,reverse,down,720,-777,200028,259.54,883.3
R,reverse,down,700,-752,200016,251.2,854.9
R,reverse,down,680,-714,200012,238.52,811.8
R,reverse,down,660,-684,200016,228.49,777.6
R,reverse,down,640,-646,200012,215.8,734.5
R,reverse,down,620,-608,200020,203.1,691.2
R,reverse,down,600,-587,200012,196.09,667.4
R,reverse,down,580,-562,200012,187.74,639.0
R,reverse,down,560,-536,200024,179.04,609.4
R,reverse,down,540,-514,200012,171.7,584.4
R,reverse,down,520,-495,200016,165.35,562.8
R,reverse,down,500,-475,200016,158.67,540.0
R,reverse,down,480,-456,200016,152.33,518.4
R,reverse,down,460,-436,200012,145.65,495.7
R,reverse,down,440,-415,200012,138.63,471.8
R,reverse,down,420,-395,200012,131.95,449.1
R,reverse,down,400,-375,200020,125.27,426.3
R,reverse,down,380,-356,200016,118.92,404.7
R,reverse,down,360,-338,200016,112.91,384.3
R,reverse,down,340,-317,200016,105.89,360.4
R,reverse,down,320,-296,200016,98.88,336.5
R,reverse,down,300,-280,200016,93.53,318.3
R,reverse,down,280,-258,200016,86.18,293.3
R,reverse,down,260,-238,200012,79.51,270.6
R,reverse,down,240,-219,200016,73.16,249.0
R,reverse,down,220,-197,200028,65.8,224.0
R,reverse,down,200,-170,200020,56.79,193.3
R,reverse,down,180,-147,200020,49.1,167.1
R,reverse,down,160,-122,200012,40.75,138.7
R,reverse,down,140,-83,200016,27.73,94.4
R,reverse,down,120,-47,200012,15.7,53.4
R,reverse,down,100,0,200016,0.0,0.0
R,reverse,down,80,0,200012,0.0,0.0
R,reverse,down,60,0,200020,0.0,0.0
R,reverse,down,40,0,200016,0.0,0.0
